ID,Name,PhotoURL
328446125, Karl Burns, https://randomuser.me/api/portraits/men/76.jpg
156283322, Yolanda Vasquez, https://randomuser.me/api/portraits/women/91.jpg
178477822, Greg Barnett, https://randomuser.me/api/portraits/men/78.jpg
731315412, Jo Roberts, https://randomuser.me/api/portraits/women/95.jpg
690263423, Todd Webb, https://randomuser.me/api/portraits/men/50.jpg
204520514, Zoe Jenkins, https://randomuser.me/api/portraits/women/95.jpg
325169672, Erin Cruz, https://randomuser.me/api/portraits/women/96.jpg
662793738, Jacqueline Morrison, https://randomuser.me/api/portraits/women/48.jpg
451925495, Dawn James, https://randomuser.me/api/portraits/women/56.jpg
858510307, Byron Patterson, https://randomuser.me/api/portraits/men/16.jpg
